<!-- Copyright (C) 2018 Google Inc. All Rights Reserved.

FirebaseApp iOS and Android Dependencies.
-->

<dependencies>
  <iosPods>
    <iosPod name="Firebase/Core" version="7.5.0" minTargetSdk="9.0">
    </iosPod>
  </iosPods>
  <androidPackages>
    <androidPackage spec="com.google.firebase:firebase-common:19.5.0">
    </androidPackage>
    <androidPackage spec="com.google.firebase:firebase-analytics:18.0.2">
    </androidPackage>
    <androidPackage spec="com.google.android.gms:play-services-base:17.6.0">
    </androidPackage>
    <androidPackage spec="com.google.firebase:firebase-app-unity:7.1.0">
      <repositories>
        <repository>Assets/Firebase/m2repository</repository>
      </repositories>
    </androidPackage>
  </androidPackages>
</dependencies>

